fixture_id,x_item,model_path,mutation,violated_rule,expected_rejection_point,expected_check_kind,mechanizability,actual_result,checker_output,illustrative_output,operationalization,evidence_path,note
F-A01,core.Goal.fields.success_criteria (required: true),core.Goal.fields.success_criteria,delete the required field success_criteria from SYN-GO-1,field required: true,CK-FIELD-REQUIRED,mechanical,determined-by-M01,rejected-mechanically,[CK-FIELD-REQUIRED] Goal/SYN-GO-1: missing required field 'success_criteria',,none,artifacts/rejection-results.csv,
F-A02,notation.types.timestamp,core.Record.fields.created_at,"set SYN-RC-1.created_at to the free text ""last tuesday""",type: timestamp,CK-TYPE,mechanical,operationalizable(O3),rejected-mechanically,[CK-TYPE] Record/SYN-RC-1.created_at: 'last tuesday' is not a timestamp (O3),,O3 — timestamp = ISO-8601; M01 defines no lexical form,artifacts/rejection-results.csv,
F-A03,notation.types.bool,supporting.EffectBoundary.fields.can_refuse,"set can_refuse to the string ""yes""",type: bool,CK-TYPE,mechanical,determined-by-M01,rejected-mechanically,"[CK-TYPE] EffectBoundary/SYN-EB-FORGE.can_refuse: expected bool, got str",,none,artifacts/rejection-results.csv,
F-A04,notation.types.digest,core.Record.fields.content_digest,"set content_digest to ""digest-1""",type: digest,CK-TYPE,mechanical,operationalizable(O2),rejected-mechanically,[CK-TYPE] Record/SYN-RC-1.content_digest: 'digest-1' is not a digest (O2),,O2 — digest lexical form; M01 defines none,artifacts/rejection-results.csv,
F-A05,core.Actor.fields.actor_type enum,core.Actor.fields.actor_type,"set actor_type to ""team""","enum[human,agent,service,deterministic-component]",CK-ENUM,mechanical,determined-by-M01,rejected-mechanically,"[CK-ENUM] Actor/SYN-AC-AGENT.actor_type: 'team' not in enum['human', 'agent', 'service', 'deterministic-component']",,none,artifacts/rejection-results.csv,
F-A06,supporting.Attempt.fields.disposition enum,supporting.Attempt.fields.disposition,"set disposition to ""failed""","enum[continue,hold,cancel,rework,complete]",CK-ENUM,mechanical,determined-by-M01,rejected-mechanically,"[CK-ENUM] Attempt/SYN-AT-1.disposition: 'failed' not in enum['continue', 'hold', 'cancel', 'rework', 'complete']",,none,artifacts/rejection-results.csv,
F-A07,supporting.Gate.fields.procedure enum,supporting.Gate.fields.procedure,"set procedure to ""hybrid""","enum[deterministic,judgment]",CK-ENUM,mechanical,determined-by-M01,rejected-mechanically,"[CK-ENUM] Gate/SYN-GT-1.procedure: 'hybrid' not in enum['deterministic', 'judgment']",,none,artifacts/rejection-results.csv,
F-A08,core.Record.fields.evidence_altitude enum,core.Record.fields.evidence_altitude,"set evidence_altitude to ""mechanical""","enum[directional,behavioral]",CK-ENUM,mechanical,determined-by-M01,rejected-mechanically,"[CK-ENUM] Record/SYN-RC-1.evidence_altitude: 'mechanical' not in enum['directional', 'behavioral']",,none,artifacts/rejection-results.csv,
F-A09,values.evidence_grade,core.Capability.fields.grade,"set Capability grade to ""verified""","ref<value.evidence_grade> = [missing, claimed, partial, proven]",CK-VALUE-REF,mechanical,determined-by-M01,rejected-mechanically,"[CK-VALUE-REF] Capability/SYN-CP-1.grade: 'verified' not in value.evidence_grade ['claimed', 'missing', 'partial', 'proven']",,none,artifacts/rejection-results.csv,
F-A10,values.significance,core.Event.fields.significance,"set significance to ""critical""","ref<value.significance> = [routine, exception, surprise]",CK-VALUE-REF,mechanical,determined-by-M01,rejected-mechanically,"[CK-VALUE-REF] Event/SYN-EV-1.significance: 'critical' not in value.significance ['exception', 'routine', 'surprise']",,none,artifacts/rejection-results.csv,
F-A11,values.currentness,core.Record.fields.currentness,"set currentness to ""fresh""","ref<value.currentness> = [current, superseded, stale, unknown]",CK-VALUE-REF,mechanical,determined-by-M01,rejected-mechanically,"[CK-VALUE-REF] Record/SYN-RC-1.currentness: 'fresh' not in value.currentness ['current', 'stale', 'superseded', 'unknown']",,none,artifacts/rejection-results.csv,
F-A12,values.autonomy_tier,supporting.Delegation.fields.autonomy_tier,"set autonomy_tier to ""A6""",ref<value.autonomy_tier> = A0..A5,CK-VALUE-REF,mechanical,determined-by-M01,rejected-mechanically,"[CK-VALUE-REF] Delegation/SYN-DL-DYN.autonomy_tier: 'A6' not in value.autonomy_tier ['A0', 'A1', 'A2', 'A3', 'A4', 'A5']",,none,artifacts/rejection-results.csv,
F-A13,values.epistemic_kind rule (A8 orthogonality) + excluded 'Decision as construct',core.Record.fields.epistemic_kind,"set epistemic_kind to ""decision""","epistemic_kind.rule — decision is an Event type, never an epistemic kind",CK-VALUE-REF,mechanical,determined-by-M01,rejected-mechanically,"[CK-VALUE-REF] Record/SYN-RC-1.epistemic_kind: 'decision' not in value.epistemic_kind ['claim', 'inference', 'mechanical-observation', 'reported-observation', 'reviewed-finding']",,none,artifacts/rejection-results.csv,"the A8 orthogonality rule survives here only because the vocabulary is a closed enumeration referenced by a typed field; the rest of the rule (independence from Event type, significance, authority, carrier) is prose and untested by this fixture"
F-A14,values.carrier,core.Event.fields.carrier,"set carrier to ""email""","ref<value.carrier> = [inline, record-ref, artifact-ref]",CK-VALUE-REF,mechanical,determined-by-M01,rejected-mechanically,"[CK-VALUE-REF] Event/SYN-EV-1.carrier: 'email' not in value.carrier ['artifact-ref', 'inline', 'record-ref']",,none,artifacts/rejection-results.csv,
F-A15,values.effect_disposition + its explicit rule,registries.event_type.seeded.effect_disposition.required_extension.disposition,"set the effect_disposition Event's extension.disposition to ""maybe""","values.effect_disposition.rule — effect_disposition Events use this common vocabulary [performed, refused, unknown]","none — the value lives inside Event.extension (type: map), which no declared type constrains",judgment,not-mechanizable,accepted-defect,ACCEPTED,,none,artifacts/rejection-results.csv,"ADVERSE. The rule is stated explicitly and in full, and the model still provides no typed carrier for the value it governs. Common refusal vocabulary is unreachable by a checker."
F-A16,values.coupling,values.coupling,"set the effect_disposition Event's extension.coupling to ""eventual""","values.coupling = [atomic, ordered-best-effort, reported, unknown]",none — no field anywhere in M01 is typed ref<value.coupling>,judgment,not-mechanizable,accepted-defect,ACCEPTED,,none,artifacts/rejection-results.csv,ADVERSE. `coupling` is a declared value vocabulary that NO field in the model references; it is reachable only as a key inside an opaque extension map.
F-A17,registries.event_type admission + excluded 'lesson as Event type',core.Event.fields.event_type,"set event_type to the unregistered key ""lesson""",ref<registry.event_type>; excluded — lesson as Event type,CK-REGISTRY-REF,mechanical,determined-by-M01,rejected-mechanically,"[CK-REGISTRY-REF] Event/SYN-EV-9.event_type: 'lesson' not a registered event_type key (seeded+registered: ['adaptation', 'assessment', 'communication', 'decision', 'effect_disposition', 'effect_request', 'gate_outcome', 'observation', 'transition'])",,none,artifacts/rejection-results.csv,
F-A18,registries.unit_kind,core.Unit.fields.unit_kind,"set unit_kind to the unregistered key ""feature""",ref<registry.unit_kind>,CK-REGISTRY-REF,mechanical,determined-by-M01,rejected-mechanically,"[CK-REGISTRY-REF] Unit/SYN-UN-2.unit_kind: 'feature' not a registered unit_kind key (seeded+registered: ['change', 'investigation'])",,none,artifacts/rejection-results.csv,
F-A19,registries.capability_classification + excluded 'organizational-level Capability kinds',core.Capability.fields.classification_refs,"append the unregistered classification ""organizational-level""",list<ref<registry.capability_classification>>; excluded — organizational-level Capability kinds,CK-REGISTRY-REF,mechanical,determined-by-M01,rejected-mechanically,"[CK-REGISTRY-REF] Capability/SYN-CP-1.classification_refs: 'organizational-level' not a registered capability_classification key (seeded+registered: ['curve', 'functional', 'nonfunctional', 'threshold'])",,none,artifacts/rejection-results.csv,
F-A20,registries.record_category,core.Record.fields.category,"set category to the unregistered key ""lesson-learned""",ref<registry.record_category>,CK-REGISTRY-REF,mechanical,determined-by-M01,rejected-mechanically,"[CK-REGISTRY-REF] Record/SYN-RC-1.category: 'lesson-learned' not a registered record_category key (seeded+registered: ['finding', 'gate-report'])",,none,artifacts/rejection-results.csv,record_category is seeded EMPTY in M01; the only reason this rejects is that the baseline program registered `finding` and `gate-report` first
F-A21,registries.effect_class,supporting.Delegation.fields.effect_grants,"grant the unregistered effect class ""credential-issue""",list<ref<registry.effect_class>>,CK-REGISTRY-REF,mechanical,determined-by-M01,rejected-mechanically,[CK-REGISTRY-REF] Delegation/SYN-DL-DYN.effect_grants: 'credential-issue' not a registered effect_class key (seeded+registered: ['repository-write']); [CK-ATTENUATION-GRANTS] Delegation/SYN-DL-DYN: effect_grants ['credential-issue'] exceed parent SYN-DL-STANDING grants ['repository-write'] — I17 (O9),[XX-REQUEST-WITHIN-GRANT] Event/SYN-EV-6: requested_effect 'repository-write' not in delegation SYN-DL-DYN effect_grants ['credential-issue'] — UNSTATED IN M01,none,artifacts/rejection-results.csv,
F-A22,supporting.Attempt.relations.actors cardinality 1..*,supporting.Attempt.relations.actors,empty the actors list,"cardinality ""1..*""",CK-CARD,mechanical,determined-by-M01,rejected-mechanically,"[CK-CARD] Attempt/SYN-AT-2.actors: 0 target(s), cardinality 1..* requires >= 1",,none,artifacts/rejection-results.csv,
F-A23,supporting.Attempt.relations.governed_by cardinality 1..*,supporting.Attempt.relations.governed_by,empty governed_by (an Attempt under no Delegation),"cardinality ""1..*""; I17 authority chain",CK-CARD,mechanical,determined-by-M01,rejected-mechanically,"[CK-CARD] Attempt/SYN-AT-2.governed_by: 0 target(s), cardinality 1..* requires >= 1",,none,artifacts/rejection-results.csv,
F-A24,core.Unit.relations.follows cardinality 1,core.Unit.relations.follows,make SYN-UN-2 follow two Workflows,"cardinality ""1""",CK-CARD,mechanical,determined-by-M01,rejected-mechanically,"[CK-CARD] Unit/SYN-UN-2.follows: 2 target(s), cardinality 1 allows <= 1; [CK-INVERSE] Unit.follows SYN-UN-2->SYN-WF-B has no inverse edge Workflow.governs; [CK-INVERSE] Unit.follows SYN-UN-2->SYN-WF-B has no forward edge Workflow.governs; [CK-UNIT-STATE] Unit/SYN-UN-2: current_state 'in-progress' not in SYN-WF-B.state_vocabulary ['scoped', 'closed'] (O5)",,none,artifacts/rejection-results.csv,
F-A25,supporting.Delegation.relations.scope cardinality 1,supporting.Delegation.relations.scope,give a Delegation two Scopes,"cardinality ""1""",CK-CARD,mechanical,determined-by-M01,rejected-mechanically,"[CK-CARD] Delegation/SYN-DL-DYN.scope: 2 target(s), cardinality 1 allows <= 1",,none,artifacts/rejection-results.csv,
F-A26,core.Unit.relations.replaces cardinality 0..1,core.Unit.relations.replaces,have one Unit replace two Units,"cardinality ""0..1""",CK-CARD,mechanical,determined-by-M01,rejected-mechanically,"[CK-CARD] Unit/SYN-UN-2.replaces: 2 target(s), cardinality 0..1 allows <= 1",,none,artifacts/rejection-results.csv,
F-A27,ref<Scope> target typing,core.Goal.fields.scope_ref,point Goal.scope_ref at an Actor,ref<Scope>,CK-REF-TARGET,mechanical,determined-by-M01,rejected-mechanically,[CK-REF-TARGET] Goal/SYN-GO-1.scope_ref: 'SYN-AC-OWNER' is not an instance of Scope,,none,artifacts/rejection-results.csv,
F-A28,excluded 'Goal as Scope'; Goal.directs rule 'never makes Goal the Unit Scope',core.Unit.fields.scope_ref,point Unit.scope_ref at a Goal,ref<Scope>; excluded — Goal as Scope,CK-REF-TARGET,mechanical,determined-by-M01,rejected-mechanically,[CK-REF-TARGET] Unit/SYN-UN-1.scope_ref: 'SYN-GO-1' is not an instance of Scope,,none,artifacts/rejection-results.csv,one of only two exclusions carried by a type rather than by the prose exclusion list
F-A29,list<ref<Record>> resolution,core.Capability.fields.evidence_record_refs,cite a Record id that does not exist,list<ref<Record>>,CK-REF-TARGET,mechanical,determined-by-M01,rejected-mechanically,[CK-REF-TARGET] Capability/SYN-CP-1.evidence_record_refs: 'SYN-RC-99' is not an instance of Record,,none,artifacts/rejection-results.csv,
F-A30,core.Event.fields.authority_ref union ref<Delegation|Scope> (R4),core.Event.fields.authority_ref,point a decision Event's authority_ref at a Role,ref<Delegation|Scope>; authority_chain principle,CK-REF-TARGET,mechanical,determined-by-M01,rejected-mechanically,[CK-REF-TARGET] Event/SYN-EV-1.authority_ref: 'SYN-RL-EXEC' is not an instance of Delegation | 'SYN-RL-EXEC' is not an instance of Scope,,none,artifacts/rejection-results.csv,confirms R4's correction has mechanical force in the FIELD; the same reference repeated inside extension.authority_ref is unchecked (see F-A15/F-A16 class)
F-A31,supporting.Delegation.relations.grantee union Role|Actor,supporting.Delegation.relations.grantee,make a Unit the grantee,"target ""Role|Actor""",CK-REF-TARGET,mechanical,determined-by-M01,rejected-mechanically,"[CK-REF-TARGET] Delegation/SYN-DL-DYN.grantee: reference 'SYN-UN-1' is ['Unit'], not ['Role', 'Actor']",,none,artifacts/rejection-results.csv,
F-A32,required list semantics,supporting.Delegation.fields.effect_grants,set effect_grants to the empty list,none stated — M01 never says whether a required list may be empty,none,judgment,not-mechanizable,not-falsifiable-from-alphabet,ACCEPTED,[XX-REQUEST-WITHIN-GRANT] Event/SYN-EV-6: requested_effect 'repository-write' not in delegation SYN-DL-DYN effect_grants [] — UNSTATED IN M01,none,artifacts/rejection-results.csv,"MODEL SILENCE. `required: true` on a list-typed field is undefined between 'key present' and 'non-empty'. Same silence applies to Goal.claim_floor, Workflow.unit_kinds, Workflow.state_vocabulary, Gate.allowed_outcomes and Gate.eligible_evidence."
F-A33,schema closure (field set),core.Goal.fields,add an undeclared field `priority` to a Goal,"construct_admission_bar + extend_by_registration, read as closure (O1)",CK-FIELD-UNKNOWN,mechanical,operationalizable(O1),rejected-mechanically,[CK-FIELD-UNKNOWN] Goal/SYN-GO-1: undeclared field 'priority' (O1),,O1 — M01 never states whether instances may carry undeclared fields. An open-world implementer would ACCEPT this.,artifacts/rejection-results.csv,"MODEL SILENCE with consequences: whether program variation must go through a registry is the load-bearing half of `agents cannot change the rules`, and closure is nowhere stated."
F-A34,schema closure (relation set),core.Goal.relations,add an undeclared relation `owned_by` to a Goal,closure (O1); inverse_relations principle,CK-REL-UNKNOWN,mechanical,operationalizable(O1),rejected-mechanically,[CK-REL-UNKNOWN] Goal/SYN-GO-1: undeclared relation 'owned_by' (O1),,O1,artifacts/rejection-results.csv,
F-C01,registries.record_category.shape,registries.record_category.shape,register a record_category missing admission_rule and correction,registry shape,CK-REGISTRY-SHAPE,mechanical,operationalizable(O4),rejected-mechanically,"[CK-REGISTRY-SHAPE] record_category.telemetry: missing shape keys ['admission_rule', 'correction']",,O4 — a registered entry must carry the declared shape keys,artifacts/rejection-results.csv,
F-C02,registries.unit_kind.shape.workflow_ref,registries.unit_kind.shape.workflow_ref,register a unit_kind whose workflow_ref names no Workflow,shape key workflow_ref: ref<Workflow>,CK-REGISTRY-SHAPE,mechanical,operationalizable(O4),rejected-mechanically,[CK-REGISTRY-SHAPE] unit_kind.poc.workflow_ref: unresolvable reference 'SYN-WF-Z',,O4,artifacts/rejection-results.csv,
F-C03,registries.effect_class.shape.receipt_requirements,registries.effect_class.shape,register an effect_class with no receipt_requirements,registry shape; EffectBoundary refusal evidence,CK-REGISTRY-SHAPE,mechanical,operationalizable(O4),rejected-mechanically,[CK-REGISTRY-SHAPE] effect_class.credential-issue: missing shape keys ['receipt_requirements'],,O4,artifacts/rejection-results.csv,
F-C04,registries.event_type.seeded.assessment.required_extension,registries.event_type.seeded.assessment.required_extension,delete independence_check from the assessment Event's extension,"required_extension [gate_version_ref, subject_baseline, evidence_set, assessor_refs, independence_check]; I7",CK-EVENT-EXT,mechanical,determined-by-M01,rejected-mechanically,[CK-EVENT-EXT] Event/SYN-EV-3 (assessment): extension missing required key 'independence_check',,none,artifacts/rejection-results.csv,"required_extension is the ONLY mechanical foothold the Event layer has — key PRESENCE is checkable, key VALUE is not (see F-A15)."
F-C05,registries.event_type program-registered required_extension,registries.event_type.admission_rule,"register an event_type `note` requiring `author`, then emit one without it",required_extension of a program-registered type,CK-EVENT-EXT,mechanical,determined-by-M01,rejected-mechanically,[CK-EVENT-EXT] Event/SYN-EV-9 (note): extension missing required key 'author',,none,artifacts/rejection-results.csv,
F-C06,registries.scope_type.admission_rule,registries.scope_type.admission_rule,register scope_type `squad` that duplicates `team` semantics,"admission_rule — add only when boundary, authority or lifecycle behavior differs",none — the admission rule is prose about semantics,judgment,not-mechanizable,specified-not-enforced,ACCEPTED,,none,artifacts/rejection-results.csv,every one of the six admission_rules is of this kind; registry extension is procedurally unguarded in the model
F-C07,registry shape closure,registries.event_type.shape,register a record_category carrying a key beyond its declared shape,none stated — M01 does not declare registry shapes closed,CK-REGISTRY-SHAPE-EXTRA (informational only),judgment,not-mechanizable,rejected-mechanically,[CK-REGISTRY-SHAPE-EXTRA] record_category.memo: keys beyond declared shape ['owner'],,none,artifacts/rejection-results.csv,"M01's OWN gate_outcome seed carries `rule`, a key absent from the event_type shape — so shape closure cannot be asserted without rejecting the model's own seed. The key that overflows the shape is precisely the R2-addition rule that binds gate-outcome vocabulary."
F-D01,"catalogs.skill {construct: Skill, scope: collective|program}",catalogs.skill,not constructible,catalogs.skill.scope,none — Skill carries no field or relation naming a catalog or a scope,judgment,not-mechanizable,not-falsifiable-from-alphabet,no fixture constructible,,none,findings-W3-rejection-suite.md,ADVERSE-ADJACENT. The three catalogs are declarations with NO instance-level attachment point. `scope:` is not documented in `notation`. open.skill_catalog is therefore not merely untested — it is unexpressible in instance data.
F-D02,catalogs.workflow {scope: program},catalogs.workflow,set SYN-WF-A.owner_scope_ref to the collective Scope,catalogs.workflow.scope: program (if read as a constraint on owner_scope_ref),none — the catalog's scope key has no declared binding to Workflow.owner_scope_ref,judgment,not-mechanizable,not-falsifiable-from-alphabet,ACCEPTED,,none,artifacts/rejection-results.csv,"Workflow is the only catalogued construct with any scope-bearing field, and even there the catalog does not say the two are the same thing."
F-D03,catalogs.gate {scope: program|workflow|record-category},catalogs.gate,not constructible,catalogs.gate.scope,none — Gate carries no scope field; only Gate.bound_by (0..1) to a Workflow,judgment,not-mechanizable,not-falsifiable-from-alphabet,no fixture constructible,,none,findings-W3-rejection-suite.md,a record-category-scoped Gate — one of the three declared catalog scopes — has no representation at all; open.gate_identity is downstream of this
F-E01,I1 clause 1 — identity distinct from name,invariants.I1,set a Scope's name equal to its own id,I1 — every durable identity is opaque and distinct from name and version,CK-I1-OPAQUE,mechanical,operationalizable(O13),rejected-mechanically,[CK-I1-OPAQUE] Scope/SYN-SC-PROG: identity equals the name field — I1,,"O13 — only the 'distinct from name' clause is decidable from a snapshot; 'opaque' is not decidable at all, and 'distinct from version' has no version field to compare",artifacts/rejection-results.csv,
F-E02,"I1 clause 2 — history is superseded, never overwritten",invariants.I1,not constructible from a single document,I1 clause 2,none — an overwrite is a difference between two states in time,judgment,not-mechanizable,not-falsifiable-from-alphabet,no fixture constructible,,none,findings-W3-rejection-suite.md,"TEMPORAL INVARIANT CLASS. I1c2, I5c1 (immutability), I15c1 and I18c2 are properties of a history of states, not of any instance. No snapshot-shaped checker can ever falsify them — which is a statement about what an implementation must add, not about V5 being wrong."
F-E03,"I2 — existence, admission, truth, grade, currentness, effect are independent facts",invariants.I2,not constructible,I2,"none — I2 constrains a MODEL's shape, not an instance's values",judgment,not-mechanizable,specified-not-enforced,no fixture constructible,,none,findings-W3-rejection-suite.md,"I2 is honoured structurally (six separate carriers exist) and is unfalsifiable by instance; its conforming witness is the baseline Record, not a counterexample."
F-E04,"I3 — Categories own schema, admission, retrieval, lifecycle, correction",core.Record.fields.category_schema_version,"set category_schema_version to ""9"", a version the registered category never declares",I3; Record.extension_owner.schema: category,none — schema_extension is type map and its interior is undefined,judgment,not-mechanizable,specified-not-enforced,ACCEPTED,,none,artifacts/rejection-results.csv,"the field exists and is required, but nothing it points at is typed, so category schema ownership is asserted and unverifiable"
F-E05,I4 clause 1 — mechanical observation requires capture provenance,registries.event_type.seeded.observation.required_extension,delete capture_custody and raw_evidence_ref from the observation Event,I4; observation required_extension,CK-EVENT-EXT,mechanical,determined-by-M01,rejected-mechanically,[CK-EVENT-EXT] Event/SYN-EV-2 (observation): extension missing required key 'capture_custody'; [CK-EVENT-EXT] Event/SYN-EV-2 (observation): extension missing required key 'raw_evidence_ref',,none,artifacts/rejection-results.csv,
F-E06,I4 clause 2 — an actor-authored account is a claim or inference,invariants.I4,"relabel a human-authored account as epistemic_kind mechanical-observation, with a human named as the instrument",I4 clause 2,"none — `instrument` is an untyped key inside Event.extension, so nothing connects it to Actor.actor_type",judgment,not-mechanizable,accepted-defect,ACCEPTED,,none,artifacts/rejection-results.csv,"ADVERSE. The claim-versus-observation firewall — review concern 4, and one of the separations `separation_is_the_product` names — has a typed vocabulary (epistemic_kind) and no typed way to contradict a false label. Every ingredient for the check exists (Actor.actor_type is an enum) and the model never joins them."
F-E07,I5 clause 2 — correction is a new Event; I1 clause 2,core.Event.relations.supersedes,make an Event supersede itself,"I5; I1 — history is superseded, never overwritten","none — acyclicity is declared for Scope.parent, Capability.composed_of and Unit.depends_on, and for NONE of the three supersedes relations",mechanical,not-mechanizable,accepted-defect,ACCEPTED,,none,artifacts/rejection-results.csv,"ADVERSE and cheap to fix: Event.supersedes, Record.supersedes and Workflow.supersedes all admit cycles, so a correction chain can close on itself and erase the history I1 protects. The model already knows how to say `acyclic` — it says it three times elsewhere."
F-E08,I6 + excluded 'a merged effect event; request and disposition remain separate',registries.event_type.admission_rule,register an event_type `effect_completed` whose required_extension spans both the effect_request and effect_disposition seeds,I6; excluded — a merged effect event,none — no rule constrains the shape of a program-registered event_type against the exclusion list,judgment,not-mechanizable,accepted-defect,ACCEPTED,,none,artifacts/rejection-results.csv,"ADVERSE. The `excluded:` block is the model's statement of what may not be reintroduced, and the registry is the door it may be reintroduced through. R2's whole argument — that merging a request with its disposition destroys absence detection — is re-openable by any program with a registry write."
F-E09,I7 — Gates fail closed when independence or evidence cannot be established,invariants.I7,"an assessment records independence_check false, and a gate_outcome still issues `pass`",I7; Gate.independence_predicate,none — independence_check is a key inside an opaque map and independence_predicate is free text,judgment,not-mechanizable,accepted-defect,ACCEPTED,,none,artifacts/rejection-results.csv,ADVERSE. Fail-closed is the invariant that makes a gate a gate. The vocabulary for the outcome IS checked (F-F02) while the precondition for issuing it is not.
F-E10,I8 clause 1 — missing evidence is explicit,registries.event_type.seeded.gate_outcome.required_extension,delete `missingness` from the gate_outcome Event,I8; gate_outcome required_extension,CK-EVENT-EXT,mechanical,determined-by-M01,rejected-mechanically,[CK-EVENT-EXT] Event/SYN-EV-4 (gate_outcome): extension missing required key 'missingness',,none,artifacts/rejection-results.csv,"I8's explicitness clause is the one firewall-adjacent rule with a genuine mechanical foothold, because R2's split put `missingness` in a required_extension"
F-E11,I8 clause 2 — missing evidence is never inferred as success,invariants.I8,declare missingness `none` while the assessment's evidence_set omits an eligible evidence kind the Gate declares,I8 clause 2,"none — Gate.eligible_evidence is a bare untyped `list` and evidence_set is a key inside an opaque map, so the two cannot be compared",judgment,not-mechanizable,accepted-defect,ACCEPTED,,none,artifacts/rejection-results.csv,
F-E12,"I9 — proven requires evidence at the claim's own altitude, demonstrated by the organization (the firewall)",invariants.I9,set Capability grade to `proven` with NO evidence_record_refs at all,I9; values.evidence_grade.rule,none — evidence_record_refs is `required: false` and no rule makes it conditional on grade,mechanical,not-mechanizable,accepted-defect,ACCEPTED,[XX-PROVEN-NEEDS-EVIDENCE] SYN-CP-1: grade=proven with empty evidence_record_refs — I9/evidence_grade.rule state the bar; UNSTATED AS A TYPED RULE,none,artifacts/rejection-results.csv,"ADVERSE — HEADLINE. The garage's load-bearing rule is stated twice in M01 (I9 and values.evidence_grade.rule), cited by Capability and Gate, and carried by no typed structure. A model-derived checker admits `grade: proven, evidence: none`. This is a missing binding, not a missing enforcement point: making it checkable needs no new construct, only a conditional requirement. The illustrative check XX-PROVEN-NEEDS-EVIDENCE shows the catch."
F-E13,I9 — altitude comparison,core.Record.fields.evidence_altitude,set Capability grade to `proven` where the only cited Record is evidence_altitude directional,I9 — evidence at the CLAIM's own altitude,"none — Record declares an evidence_altitude and Capability declares no claim altitude, so the comparison has only one typed side",mechanical,not-mechanizable,accepted-defect,ACCEPTED,,none,artifacts/rejection-results.csv,"ADVERSE — HEADLINE. Capability carries `done_when` (text) and `grade`, but no altitude. Technology likewise. The altitude half of the firewall cannot be evaluated for any claim."
F-E14,I10 — Skill represents competence and never Capability or authority,supporting.Skill.relations,give Skill a `proves` relation to a Capability,I10; Skill definition,CK-REL-UNKNOWN,mechanical,operationalizable(O1),rejected-mechanically,[CK-REL-UNKNOWN] Skill/SYN-SK-1: undeclared relation 'proves' (O1),,O1 — under closure the relation is unrepresentable; under an open-world reading it would be accepted,artifacts/rejection-results.csv,I10 holds by ABSENCE: there is no relation from Skill to Capability or to any authority construct. That is genuine structural enforcement — as long as closure holds.
F-E15,I11 — Technology neither becomes nor proves Capability; 'no grade transfer',core.Capability.relations.enabled_by.rule,"grade the Technology `proven` and grade the Capability it enables `proven`, citing only the Record that documents the Technology",I11; Capability.enabled_by rule 'no grade transfer'; Technology.enables rule,none — nothing distinguishes a Record that evidences the Capability from one that evidences the Technology; Record.provenance_refs is a bare untyped list,judgment,not-mechanizable,accepted-defect,ACCEPTED,,none,artifacts/rejection-results.csv,ADVERSE. 'no grade transfer' is stated on BOTH ends of the relation and is unreachable from either.
F-E16,supporting.Delegation.relations.enforced_by rule,supporting.Delegation.relations.enforced_by,remove the EffectBoundary from a Delegation that still carries effect_grants,"NONE — the rule says 'without a boundary authority is declared only', which makes this a legitimate, weaker instance rather than an invalid one",none expected,mechanical,determined-by-M01,negative-test,accepted (correct — negative test),,none,artifacts/rejection-results.csv,NEGATIVE TEST — the checker must NOT reject this. I12's distinction between declared and enforced authority is preserved by allowing it.
F-E17,I12 / authority_chain — an effect request outside its grant,registries.event_type.seeded.effect_request.required_extension,"register a second effect_class, then request it under a Delegation that does not grant it",authority_chain principle; I12; I17 — the request exceeds the grant,none — M01 declares Delegation.effect_grants and effect_request.requested_effect and states NO rule binding one to the other,mechanical,not-mechanizable,accepted-defect,ACCEPTED,[XX-REQUEST-WITHIN-GRANT] Event/SYN-EV-6: requested_effect 'credential-issue' not in delegation SYN-DL-DYN effect_grants ['repository-write'] — UNSTATED IN M01; [XX-BOUNDARY-CLASS] Event/SYN-EV-6: boundary SYN-EB-FORGE does not carry effect class 'credential-issue' — UNSTATED IN M01,none,artifacts/rejection-results.csv,"ADVERSE — HEADLINE. Both sides are registry-typed values, so this is the one authority check that COULD have been fully mechanical, and the rule joining them is simply absent. The illustrative check XX-REQUEST-WITHIN-GRANT demonstrates the catch a stated rule buys."
F-E18,I12 — EffectBoundary.effect_classes versus the requested effect,supporting.EffectBoundary.fields.effect_classes,direct a repository-write request at a boundary that carries no such class,I12 — only an EffectBoundary disposition demonstrates enforced authority,none — no rule binds effect_request.target_boundary_ref to EffectBoundary.effect_classes,mechanical,not-mechanizable,accepted-defect,ACCEPTED,[XX-BOUNDARY-CLASS] Event/SYN-EV-6: boundary SYN-EB-FORGE does not carry effect class 'repository-write' — UNSTATED IN M01,none,artifacts/rejection-results.csv,
F-E19,supporting.EffectBoundary.fields.can_refuse,supporting.EffectBoundary.fields.can_refuse,set can_refuse false on the boundary that two Delegations name as their enforcement,field definition — 'a boundary that cannot refuse enforces nothing'; I12,none — can_refuse is a required bool that NO rule in M01 reads,mechanical,not-mechanizable,accepted-defect,ACCEPTED,,none,artifacts/rejection-results.csv,ADVERSE. The field carries the whole meaning of enforcement and is inert: a Delegation may declare itself enforced by a boundary the model itself says enforces nothing.
F-E20,I13 — every Capability is required by at least one Goal,core.Capability.relations.required_by,remove the requiring Goal from a Capability,I13; cardinality 1..*; rule 'no requiring Goal means no Capability',"CK-CARD, CK-I13",mechanical,determined-by-M01,rejected-mechanically,"[CK-CARD] Capability/SYN-CP-1.required_by: 0 target(s), cardinality 1..* requires >= 1; [CK-I13] Capability/SYN-CP-1: no requiring Goal — I13",,none,artifacts/rejection-results.csv,"the cleanest invariant in the model: stated as an invariant, carried by a cardinality, and restated as a relation rule — three consistent expressions of one constraint"
F-E21,I14 — Capability meaning does not change with organizational level,invariants.I14,add a second version of one Capability identity at the collective Scope with a different observable_behavior,I14,CK-I14-MEANING,mechanical,operationalizable(O12),rejected-mechanically,[CK-I14-MEANING] Capability identity SYN-CP-1: 2 versions with differing observable_behavior — I14 (O12),,O12 — 'meaning' operationalized as observable_behavior string equality; M01 supplies no comparison and no version field to key the comparison on,artifacts/rejection-results.csv,
F-E22,I15 / I16 — Unit identity survives retry; a new Unit only on outcome change,core.Unit.relations.replaces.rule,model a retry as a replacing Unit carrying an identical intended_outcome,I15; Unit.replaces rule 'used when intended outcome changes',CK-REPLACES-OUTCOME,mechanical,operationalizable(O7),rejected-mechanically,[CK-REPLACES-OUTCOME] Unit/SYN-UN-1b replaces SYN-UN-1 with an identical intended_outcome — Unit.replaces rule is 'used when intended outcome changes' (O7),,O7 — intended_outcome string equality,artifacts/rejection-results.csv,retry-versus-rework separability (review concern 5) has a real mechanical foothold here
F-E23,I15 clause 2 — each execution is an Attempt,invariants.I15,not constructible,I15 clause 2,"none — Unit.attempts is 0..*, so a Unit with no Attempt is conforming, and an execution that produced no Attempt record leaves nothing to inspect",judgment,not-mechanizable,not-falsifiable-from-alphabet,no fixture constructible,,none,findings-W3-rejection-suite.md,
F-E24,I16 — changing a Unit's intended outcome creates a new Unit,invariants.I16,give one Unit identity two versions with different intended_outcome,I16,CK-I16-VERSION,mechanical,operationalizable(O8),rejected-mechanically,[CK-I16-VERSION] Unit identity SYN-UN-1: 2 versions with differing intended_outcome — I16 requires a new Unit (O8),,"O8 — the check needs an identity key AND a version key; M01 declares `versioned: true` on Unit and NO version field, so the version axis is supplied by the instance encoding, not by the model",artifacts/rejection-results.csv,
F-E25,I17 attenuation — effect_grants axis,supporting.Delegation.relations.derived_from.rule,give the derived Delegation an effect grant its parent does not hold,I17; derived_from rule 'may not exceed parent on any axis',CK-ATTENUATION-GRANTS,mechanical,operationalizable(O9),rejected-mechanically,[CK-ATTENUATION-GRANTS] Delegation/SYN-DL-DYN: effect_grants ['credential-issue'] exceed parent SYN-DL-STANDING grants ['repository-write'] — I17 (O9),,O9 — 'not exceeding' on a set-valued axis read as set inclusion. This is the ONLY one of the Delegation's four axes on which the comparison is defined at all.,artifacts/rejection-results.csv,
F-E26,I17 attenuation — autonomy_tier axis,values.autonomy_tier,derive an A5 Delegation from an A1 parent,I17 — may not exceed its parent on any axis,"none — M01 declares A0..A5 as a MAP of definitions and states no ordering over them, so 'exceeds' is undefined on this axis",mechanical,not-mechanizable,accepted-defect,ACCEPTED,,none,artifacts/rejection-results.csv,ADVERSE — HEADLINE. A5 is `held_by: human` and defined as changing collective policy and authority structures; A1 is bounded judgment inside one Unit. The model admits an instance in which the second derives the first. `open.delegation_attenuation` names the comparison problem for non-numeric grants and this is its sharpest instance: the numbering LOOKS ordinal and the model never says it is.
F-E27,I17 attenuation — resource_ceiling axis,supporting.Delegation.fields.resource_ceiling,derive a Delegation whose resource_ceiling exceeds its parent's on every key,I17 — may not exceed its parent on any axis,none — resource_ceiling is type map with no declared interior,mechanical,not-mechanizable,accepted-defect,ACCEPTED,,none,artifacts/rejection-results.csv,the parent grants external_cost 0 / compute none; the child grants 500 and unlimited
F-E28,I17 chain — authority reaches an Actor through a chain from a Scope root,invariants.I17,have an Actor grant a Delegation with no derivation and no root authority,I17 clause 2; Actor.receives rule; Delegation.grantor rule,CK-AUTHORITY-CHAIN,mechanical,operationalizable(O10),rejected-mechanically,[CK-AUTHORITY-CHAIN] Delegation/SYN-DL-DYN: grantor chain does not reach any Scope.authority_root_ref ['SYN-AC-OWNER'] — I17 (O10),,O10 — chain = grantor/derived_from must reach some Scope.authority_root_ref,artifacts/rejection-results.csv,the chain clause of I17 IS traversable and checkable; the attenuation clause is not. S4's 'can the clauses fail independently' test is vindicated here by execution.
F-E29,I18 clause 1 — Workflow custody sits outside the governed activity,supporting.Workflow.fields.definition_custodian_ref,make the executing agent the custodian of the Workflow that governs its own Unit,I18; method_custody principle,CK-CUSTODY-OUTSIDE,judgment,operationalizable(O11),rejected-mechanically,[CK-CUSTODY-OUTSIDE] Workflow/SYN-WF-A: custodian SYN-AC-AGENT is an Attempt actor on governed Unit SYN-UN-1 — I18 (O11),,"O11 — 'the governed activity' operationalized as the actors of Attempts on governed Units. M01 never defines the phrase, so a different program could operationalize it differently and reach a different verdict on the same instance.",artifacts/rejection-results.csv,the check is constructible ONLY because definition_custodian_ref is ref<Actor> and Attempt.actors is ref<Actor>; if either were text (as Event.custody and EffectBoundary.custody are) it would be unreachable
F-E30,I18 clause 1 — Gate custody,supporting.Gate.fields.definition_custodian_ref,make an Attempt participant the custodian of the Gate that evaluates its Unit,I18,CK-CUSTODY-OUTSIDE,judgment,operationalizable(O11),rejected-mechanically,[CK-CUSTODY-OUTSIDE] Gate/SYN-GT-1: custodian SYN-AC-REVIEWER is an Attempt actor on gated Unit SYN-UN-1 — I18 (O11),,O11,artifacts/rejection-results.csv,
F-E31,I18 clause 1 — Delegation custody,supporting.Delegation.fields.definition_custodian_ref,make the governed Attempt's own actor the custodian of the governing Delegation,I18; 'a definition governing work is not writable by the activity it governs',CK-CUSTODY-OUTSIDE,judgment,operationalizable(O11),rejected-mechanically,[CK-CUSTODY-OUTSIDE] Delegation/SYN-DL-DYN: custodian SYN-AC-AGENT is an actor on governed Attempt SYN-AT-1 — I18 (O11),,O11,artifacts/rejection-results.csv,
F-E32,I18 clause 2 — changes are adaptation Events,invariants.I18,not constructible,I18 clause 2,"none — twelve constructs declare `versioned: true` and NOT ONE declares a version field, so there is no instance value a change could be detected in",mechanical,not-mechanizable,not-falsifiable-from-alphabet,no fixture constructible,,none,findings-W3-rejection-suite.md,"ADVERSE-ADJACENT and load-bearing beyond I18: Attempt.governed_by's rule 'pins immutable versions' and the assessment extension's `gate_version_ref` both REQUIRE a version identifier the model never declares. Three dependent rules, no carrier."
F-E33,I19 — program extensions may not weaken common invariants,invariants.I19,register a record_category whose admission_rule declares that existence is admission,I19; I2 — existence and admission are independent facts,none — every registry admission_rule and every registered admission_rule is free text,judgment,not-mechanizable,specified-not-enforced,ACCEPTED,,none,artifacts/rejection-results.csv,"I19 is the invariant that guards every other invariant against the registries, and it is the least checkable thing in the file. S6 (I19 cited by Workflow alone) is the binding half of the same problem; this fixture is the semantic half."
F-F01,core.Unit.extension_owner.states: workflow,core.Unit.fields.current_state,set a Unit's current_state to a value outside its Workflow's state_vocabulary,Unit.current_state definition 'Workflow-owned'; extension_owner.states: workflow; I19,CK-UNIT-STATE,mechanical,operationalizable(O5),rejected-mechanically,"[CK-UNIT-STATE] Unit/SYN-UN-1: current_state 'under-review' not in SYN-WF-A.state_vocabulary ['scoped', 'in-progress', 'gated', 'closed'] (O5)",,O5 — M01 states the ownership and never states the membership rule,artifacts/rejection-results.csv,"this is the strongest extension-ownership result in the suite: ownership is asserted on Unit, the vocabulary lives on Workflow, and joining them takes one unstated sentence"
F-F02,registries.event_type.seeded.gate_outcome.rule (the R2 addition),registries.event_type.seeded.gate_outcome.rule,issue a gate_outcome whose outcome is not in the pinned Gate's allowed_outcomes,gate_outcome rule — outcome vocabulary resolves through the assessment's pinned gate_version_ref to that Gate version's allowed_outcomes,CK-GATE-OUTCOME-VOCAB,mechanical,determined-by-M01,rejected-mechanically,"[CK-GATE-OUTCOME-VOCAB] Event/SYN-EV-4: outcome 'approved' not in SYN-GT-1.allowed_outcomes ['pass', 'reworkable', 'scope-fail']",,resolution of gate_version_ref requires reading inside Event.extension (an opaque map) and tolerating a version suffix the model provides no field for,artifacts/rejection-results.csv,"the R2 addition is the ONLY rule in M01 that spells out a multi-hop resolution path, and it is the only Event-layer VALUE check that works. It also demonstrates the fix pattern the rest of the Event layer is missing."
F-F03,assessment.gate_version_ref resolution,registries.event_type.seeded.assessment.required_extension.gate_version_ref,point gate_version_ref at a Gate that does not exist,gate_outcome resolution rule,CK-GATE-OUTCOME-VOCAB,mechanical,determined-by-M01,rejected-mechanically,[CK-GATE-OUTCOME-VOCAB] Event/SYN-EV-4: gate_version_ref 'SYN-GT-9@1' does not resolve to a Gate,,none,artifacts/rejection-results.csv,
F-F04,core.Record.relations.admitted_by rule,core.Record.relations.admitted_by.rule,admit a Record by a decision Event,admitted_by rule — assessment Events only; existence is not admission,CK-ADMIT-ASSESSMENT,mechanical,determined-by-M01,rejected-mechanically,[CK-ADMIT-ASSESSMENT] Record/SYN-RC-1: admitted_by SYN-EV-1 is event_type 'decision'; the relation rule is 'assessment Events only',,none,artifacts/rejection-results.csv,a relation rule that names a registry key is checkable; a relation rule that names a semantic property is not. This is the discriminator across all 20 relation rules in M01.
F-F05,core.Event.fields.authority_ref definition (conditional requirement),core.Event.fields.authority_ref,delete authority_ref from a decision Event,field definition — required for decisions and effect requests,CK-EVENT-AUTHORITY,mechanical,determined-by-M01,rejected-mechanically,[CK-EVENT-AUTHORITY] Event/SYN-EV-1 (decision): authority_ref absent; the field definition requires it for decisions and effect requests,,"the conditional is stated in a `definition:` string rather than in `required:`, so a naive schema generator would miss it entirely",artifacts/rejection-results.csv,
F-F06,core.Capability.extension_owner.behavior_schema: program,core.Capability.extension_owner,carry the program-owned behavior_schema extension the ownership map names,closure (O1) — Capability declares no field or relation named behavior_schema,CK-FIELD-UNKNOWN,mechanical,operationalizable(O1),rejected-mechanically,[CK-FIELD-UNKNOWN] Capability/SYN-CP-1: undeclared field 'behavior_schema' (O1),,O1,artifacts/rejection-results.csv,"ADVERSE-ADJACENT. 13 of 19 extension_owner keys name no field or relation on their own construct, so the extension a program is told it owns has nowhere to live. R3's local checkability argument is only half-delivered: the ownership is local, the extension point is absent."
F-G01,core.Event.fields.custody (type: text),core.Event.fields.custody,record custody as the empty string,none stated — custody is unconstrained text,none,judgment,not-mechanizable,not-falsifiable-from-alphabet,ACCEPTED,,none,artifacts/rejection-results.csv,"three custody surfaces exist — Event.custody (text), EffectBoundary.custody (text) and definition_custodian_ref (ref<Actor>). Only the typed one supports any check (F-E29..31)."
F-G02,supporting.EffectBoundary.fields.custody (type: text),supporting.EffectBoundary.fields.custody,declare the boundary's credentials to be held by the executing agent itself,method_custody / authority_chain principles; the theme's load-bearing boundary that effect credentials stay outside the governed activity,"none — custody is free text on EffectBoundary, and the boundary has no relation to any Actor",judgment,not-mechanizable,accepted-defect,ACCEPTED,,none,artifacts/rejection-results.csv,"ADVERSE. An instance can state in conforming, typed-clean data that the governed agent holds the effect credentials. The one distinction the theme calls load-bearing is written in prose on the one construct whose job is to enforce it."
F-H01,excluded — Feature as a construct,excluded[0],introduce a Feature construct,excluded — Feature is a software unit_kind,CK-CONSTRUCT-KNOWN,mechanical,operationalizable(O1),rejected-mechanically,[CK-CONSTRUCT-KNOWN] undeclared construct 'Feature' (O1 closure),,O1,artifacts/rejection-results.csv,"negative dependency shown by the baseline: the change-shaped work is carried by unit_kind `change`, so no instance depends on a Feature construct"
F-H02,excluded — Qualification as a construct,excluded[1],introduce a Qualification construct,excluded — evidence belongs to Actor-has-Skill,CK-CONSTRUCT-KNOWN,mechanical,operationalizable(O1),rejected-mechanically,[CK-CONSTRUCT-KNOWN] undeclared construct 'Qualification' (O1 closure),,O1,artifacts/rejection-results.csv,"negative dependency: the baseline carries competence evidence as attributes on Actor.has_skill / Skill.held_by (evidence_refs, grade, currentness, expires_at)"
F-H03,excluded — Envelope as a construct,excluded[2],introduce an Envelope construct,excluded — limits travel with Delegation,CK-CONSTRUCT-KNOWN,mechanical,operationalizable(O1),rejected-mechanically,[CK-CONSTRUCT-KNOWN] undeclared construct 'Envelope' (O1 closure),,O1,artifacts/rejection-results.csv,"negative dependency: limits are carried by Delegation.resource_ceiling, escalation_conditions, effect_grants and autonomy_tier"
F-H04,excluded — AuthorityBasis as a construct,excluded[3],introduce an AuthorityBasis construct,excluded — authority is rooted in Scope or conveyed by Delegation,CK-CONSTRUCT-KNOWN,mechanical,operationalizable(O1),rejected-mechanically,[CK-CONSTRUCT-KNOWN] undeclared construct 'AuthorityBasis' (O1 closure),,O1,artifacts/rejection-results.csv,negative dependency: T-07 traverses Scope.authority_root_ref and Delegation.derived_from with no basis construct
F-H05,excluded — EvidenceItem as a construct,excluded[4],introduce an EvidenceItem construct,excluded — evidence is a Record role under a Gate,CK-CONSTRUCT-KNOWN,mechanical,operationalizable(O1),rejected-mechanically,[CK-CONSTRUCT-KNOWN] undeclared construct 'EvidenceItem' (O1 closure),,O1,artifacts/rejection-results.csv,negative dependency: evidence appears as Records in Gate.eligible_evidence and in the assessment's evidence_set — though both are untyped (F-E11)
F-H06,excluded — RecordVersion as a construct,excluded[5],introduce a RecordVersion construct,excluded — versions belong to Record identity,CK-CONSTRUCT-KNOWN,mechanical,operationalizable(O1),rejected-mechanically,[CK-CONSTRUCT-KNOWN] undeclared construct 'RecordVersion' (O1 closure),,O1,artifacts/rejection-results.csv,"the exclusion holds, but see F-E32: 'versions belong to Record identity' is asserted by `versioned: true` and carried by no field"
F-H07,excluded — Signal/Decision/Transition/Assessment/Outcome/EffectRequest/EffectReceipt,excluded[6],introduce a Decision construct,excluded — all are Events,CK-CONSTRUCT-KNOWN,mechanical,operationalizable(O1),rejected-mechanically,[CK-CONSTRUCT-KNOWN] undeclared construct 'Decision' (O1 closure),,O1,artifacts/rejection-results.csv,"negative dependency: all seven are exercised as seeded event types in the baseline (SYN-EV-1..9), which covers 9 of 9 seeded event types"
F-H08,excluded — Attempt as a Unit subtype,excluded[8],register a unit_kind named `attempt`,excluded — Attempt as Unit subtype,"none — registry admission is prose, and nothing compares a registered key against the exclusion list",judgment,not-mechanizable,specified-not-enforced,ACCEPTED,,none,artifacts/rejection-results.csv,pairs with F-A17/F-E08: an exclusion is mechanically enforced when the construct set is closed and unenforced when the registry is the door
F-H09,excluded — lesson as an Event type (registered form),excluded[8],"REGISTER `lesson` as an event_type, then emit one",excluded — lesson as Event type; open.lesson_vs_pattern,none — the registry admits it,judgment,not-mechanizable,accepted-defect,ACCEPTED,,none,artifacts/rejection-results.csv,"ADVERSE, and the sharpest exclusion pair in the suite: F-A17 (unregistered `lesson`) is rejected mechanically and F-H09 (registered `lesson`) is accepted silently. The difference is one registry write by the program the exclusion is meant to bind."
F-H10,"excluded — a universal lifecycle, state machine, proof bar or closed extension taxonomy",excluded[9],not constructible,excluded[9],"none — the exclusion forbids the model from containing something, not an instance from containing something",judgment,not-mechanizable,not-falsifiable-from-alphabet,no fixture constructible,,none,findings-W3-rejection-suite.md,"verified against M01 directly instead: no construct declares a state enumeration (Unit.current_state and Record.lifecycle_state are text, owned by Workflow and Category), and all six registries and three catalogs carry an admission_rule and status OPEN"
F-H11,excluded — autonomy as effect authority or evidence strength,excluded[10],covered by F-E17 (autonomy carries an ungranted effect) and F-E26 (autonomy escalates without an order),excluded[10]; I12,"see F-E17, F-E26",mechanical,not-mechanizable,accepted-defect,no fixture constructible,,none,artifacts/rejection-results.csv,the exclusion is honoured in the SHAPE (autonomy_tier and effect_grants are separate fields) and unenforced in the VALUES (nothing stops a request outside the grant)
F-B01,declared inverse Scope.parent <-> Scope.contains,Scope.relations.parent.inverse,break the inverse: remove the back-reference from Scope/SYN-SC-COLL.contains,declared inverse symmetry (principles.inverse_relations),CK-INVERSE,mechanical,determined-by-M01,rejected-mechanically,[CK-INVERSE] Scope.parent SYN-SC-PROG->SYN-SC-COLL has no inverse edge Scope.contains; [CK-INVERSE] Scope.parent SYN-SC-PROG->SYN-SC-COLL has no forward edge Scope.contains,,none,artifacts/rejection-results.csv,deleting the back-edge on Scope.contains
F-B02,declared inverse Goal.requires <-> Capability.required_by,Goal.relations.requires.inverse,break the inverse: remove the back-reference from Capability/SYN-CP-1.required_by,declared inverse symmetry (principles.inverse_relations),CK-INVERSE,mechanical,determined-by-M01,rejected-mechanically,"[CK-CARD] Capability/SYN-CP-1.required_by: 0 target(s), cardinality 1..* requires >= 1; [CK-INVERSE] Goal.requires SYN-GO-1->SYN-CP-1 has no inverse edge Capability.required_by; [CK-INVERSE] Goal.requires SYN-GO-1->SYN-CP-1 has no forward edge Capability.required_by; [CK-I13] Capability/SYN-CP-1: no requiring Goal — I13",,none,artifacts/rejection-results.csv,deleting the back-edge on Capability.required_by; CK-CARD also fires because Capability.required_by has minimum cardinality 1
F-B03,declared inverse Goal.is_advanced_by <-> Capability.advances,Goal.relations.is_advanced_by.inverse,break the inverse: remove the back-reference from Capability/SYN-CP-1.advances,declared inverse symmetry (principles.inverse_relations),CK-INVERSE,mechanical,determined-by-M01,rejected-mechanically,[CK-INVERSE] Goal.is_advanced_by SYN-GO-1->SYN-CP-1 has no inverse edge Capability.advances; [CK-INVERSE] Goal.is_advanced_by SYN-GO-1->SYN-CP-1 has no forward edge Capability.advances,,none,artifacts/rejection-results.csv,deleting the back-edge on Capability.advances
F-B04,declared inverse Goal.directs <-> Unit.directed_by,Goal.relations.directs.inverse,break the inverse: remove the back-reference from Unit/SYN-UN-1.directed_by,declared inverse symmetry (principles.inverse_relations),CK-INVERSE,mechanical,determined-by-M01,rejected-mechanically,[CK-INVERSE] Goal.directs SYN-GO-1->SYN-UN-1 has no inverse edge Unit.directed_by; [CK-INVERSE] Goal.directs SYN-GO-1->SYN-UN-1 has no forward edge Unit.directed_by,,none,artifacts/rejection-results.csv,deleting the back-edge on Unit.directed_by
F-B05,declared inverse Capability.delivered_by <-> Unit.delivers,Capability.relations.delivered_by.inverse,break the inverse: remove the back-reference from Unit/SYN-UN-1.delivers,declared inverse symmetry (principles.inverse_relations),CK-INVERSE,mechanical,determined-by-M01,rejected-mechanically,[CK-INVERSE] Capability.delivered_by SYN-CP-1->SYN-UN-1 has no inverse edge Unit.delivers; [CK-INVERSE] Capability.delivered_by SYN-CP-1->SYN-UN-1 has no forward edge Unit.delivers,,none,artifacts/rejection-results.csv,deleting the back-edge on Unit.delivers
F-B06,declared inverse Capability.enabled_by <-> Technology.enables,Capability.relations.enabled_by.inverse,break the inverse: remove the back-reference from Technology/SYN-TE-1.enables,declared inverse symmetry (principles.inverse_relations),CK-INVERSE,mechanical,determined-by-M01,rejected-mechanically,[CK-INVERSE] Capability.enabled_by SYN-CP-1->SYN-TE-1 has no inverse edge Technology.enables; [CK-INVERSE] Capability.enabled_by SYN-CP-1->SYN-TE-1 has no forward edge Technology.enables,,none,artifacts/rejection-results.csv,deleting the back-edge on Technology.enables
F-B07,declared inverse Actor.has_skill <-> Skill.held_by,Actor.relations.has_skill.inverse,break the inverse: remove the back-reference from Skill/SYN-SK-1.held_by,declared inverse symmetry (principles.inverse_relations),CK-INVERSE,mechanical,determined-by-M01,rejected-mechanically,[CK-INVERSE] Actor.has_skill SYN-AC-AGENT->SYN-SK-1 has no inverse edge Skill.held_by; [CK-INVERSE] Actor.has_skill SYN-AC-AGENT->SYN-SK-1 has no forward edge Skill.held_by,,none,artifacts/rejection-results.csv,deleting the back-edge on Skill.held_by
F-B08,declared inverse Unit.follows <-> Workflow.governs,Unit.relations.follows.inverse,break the inverse: remove the back-reference from Workflow/SYN-WF-A.governs,declared inverse symmetry (principles.inverse_relations),CK-INVERSE,mechanical,determined-by-M01,rejected-mechanically,[CK-INVERSE] Unit.follows SYN-UN-1->SYN-WF-A has no inverse edge Workflow.governs; [CK-INVERSE] Unit.follows SYN-UN-1->SYN-WF-A has no forward edge Workflow.governs,,none,artifacts/rejection-results.csv,deleting the back-edge on Workflow.governs
F-B09,declared inverse Unit.attempts <-> Attempt.unit,Unit.relations.attempts.inverse,break the inverse: remove the back-reference from Attempt/SYN-AT-1.unit,declared inverse symmetry (principles.inverse_relations),CK-INVERSE,mechanical,determined-by-M01,rejected-mechanically,"[CK-CARD] Attempt/SYN-AT-1.unit: 0 target(s), cardinality 1 requires >= 1; [CK-INVERSE] Unit.attempts SYN-UN-1->SYN-AT-1 has no inverse edge Attempt.unit; [CK-INVERSE] Unit.attempts SYN-UN-1->SYN-AT-1 has no forward edge Attempt.unit",,none,artifacts/rejection-results.csv,deleting the back-edge on Attempt.unit; CK-CARD also fires because Attempt.unit has minimum cardinality 1
F-B10,declared inverse Unit.assigned_through <-> Delegation.unit,Unit.relations.assigned_through.inverse,break the inverse: remove the back-reference from Delegation/SYN-DL-DYN.unit,declared inverse symmetry (principles.inverse_relations),CK-INVERSE,mechanical,determined-by-M01,rejected-mechanically,[CK-INVERSE] Unit.assigned_through SYN-UN-1->SYN-DL-DYN has no inverse edge Delegation.unit; [CK-INVERSE] Unit.assigned_through SYN-UN-1->SYN-DL-DYN has no forward edge Delegation.unit,,none,artifacts/rejection-results.csv,deleting the back-edge on Delegation.unit
F-B11,declared inverse Unit.gated_by <-> Gate.evaluates,Unit.relations.gated_by.inverse,break the inverse: remove the back-reference from Gate/SYN-GT-1.evaluates,declared inverse symmetry (principles.inverse_relations),CK-INVERSE,mechanical,determined-by-M01,rejected-mechanically,[CK-INVERSE] Unit.gated_by SYN-UN-1->SYN-GT-1 has no inverse edge Gate.evaluates; [CK-INVERSE] Unit.gated_by SYN-UN-1->SYN-GT-1 has no forward edge Gate.evaluates,,none,artifacts/rejection-results.csv,deleting the back-edge on Gate.evaluates
F-B12,declared inverse Event.documented_by <-> Record.documents,Event.relations.documented_by.inverse,break the inverse: remove the back-reference from Record/SYN-RC-1.documents,declared inverse symmetry (principles.inverse_relations),CK-INVERSE,mechanical,determined-by-M01,rejected-mechanically,[CK-INVERSE] Event.documented_by SYN-EV-2->SYN-RC-1 has no inverse edge Record.documents; [CK-INVERSE] Event.documented_by SYN-EV-2->SYN-RC-1 has no forward edge Record.documents,,none,artifacts/rejection-results.csv,deleting the back-edge on Record.documents
F-B13,declared inverse Workflow.requires <-> Skill.required_by,Workflow.relations.requires.inverse,break the inverse: remove the back-reference from Skill/SYN-SK-1.required_by,declared inverse symmetry (principles.inverse_relations),CK-INVERSE,mechanical,determined-by-M01,rejected-mechanically,[CK-INVERSE] Workflow.requires SYN-WF-A->SYN-SK-1 has no inverse edge Skill.required_by,,none,artifacts/rejection-results.csv,deleting the back-edge on Skill.required_by
F-B14,declared inverse Workflow.binds <-> Gate.bound_by,Workflow.relations.binds.inverse,break the inverse: remove the back-reference from Gate/SYN-GT-1.bound_by,declared inverse symmetry (principles.inverse_relations),CK-INVERSE,mechanical,determined-by-M01,rejected-mechanically,[CK-INVERSE] Workflow.binds SYN-WF-A->SYN-GT-1 has no inverse edge Gate.bound_by; [CK-INVERSE] Workflow.binds SYN-WF-A->SYN-GT-1 has no forward edge Gate.bound_by,,none,artifacts/rejection-results.csv,deleting the back-edge on Gate.bound_by
F-B15,declared inverse Role.requires <-> Skill.required_by,Role.relations.requires.inverse,break the inverse: remove the back-reference from Skill/SYN-SK-1.required_by,declared inverse symmetry (principles.inverse_relations),CK-INVERSE,mechanical,determined-by-M01,rejected-mechanically,[CK-INVERSE] Role.requires SYN-RL-EXEC->SYN-SK-1 has no inverse edge Skill.required_by,,none,artifacts/rejection-results.csv,deleting the back-edge on Skill.required_by
F-B16,declared inverse Role.assigned_to <-> Actor.holds_role,Role.relations.assigned_to.inverse,break the inverse: remove the back-reference from Actor/SYN-AC-LEAD.holds_role,declared inverse symmetry (principles.inverse_relations),CK-INVERSE,mechanical,determined-by-M01,rejected-mechanically,[CK-INVERSE] Role.assigned_to SYN-RL-EXEC->SYN-AC-LEAD has no inverse edge Actor.holds_role,,none,artifacts/rejection-results.csv,deleting the back-edge on Actor.holds_role
F-B17,declared inverse Role.receives <-> Delegation.grantee,Role.relations.receives.inverse,break the inverse: remove the back-reference from Delegation/SYN-DL-STANDING.grantee,declared inverse symmetry (principles.inverse_relations),CK-INVERSE,mechanical,determined-by-M01,rejected-mechanically,"[CK-CARD] Delegation/SYN-DL-STANDING.grantee: 0 target(s), cardinality 1 requires >= 1; [CK-INVERSE] Role.receives SYN-RL-EXEC->SYN-DL-STANDING has no inverse edge Delegation.grantee",,none,artifacts/rejection-results.csv,deleting the back-edge on Delegation.grantee; CK-CARD also fires because Delegation.grantee has minimum cardinality 1
F-B18,declared inverse Delegation.governs <-> Attempt.governed_by,Delegation.relations.governs.inverse,break the inverse: remove the back-reference from Attempt/SYN-AT-2.governed_by,declared inverse symmetry (principles.inverse_relations),CK-INVERSE,mechanical,determined-by-M01,rejected-mechanically,"[CK-CARD] Attempt/SYN-AT-2.governed_by: 0 target(s), cardinality 1..* requires >= 1; [CK-INVERSE] Delegation.governs SYN-DL-STANDING->SYN-AT-2 has no inverse edge Attempt.governed_by; [CK-INVERSE] Delegation.governs SYN-DL-STANDING->SYN-AT-2 has no forward edge Attempt.governed_by",,none,artifacts/rejection-results.csv,deleting the back-edge on Attempt.governed_by; CK-CARD also fires because Attempt.governed_by has minimum cardinality 1
F-B19,declared inverse Delegation.enforced_by <-> EffectBoundary.enforces,Delegation.relations.enforced_by.inverse,break the inverse: remove the back-reference from EffectBoundary/SYN-EB-FORGE.enforces,declared inverse symmetry (principles.inverse_relations),CK-INVERSE,mechanical,determined-by-M01,rejected-mechanically,[CK-INVERSE] Delegation.enforced_by SYN-DL-STANDING->SYN-EB-FORGE has no inverse edge EffectBoundary.enforces; [CK-INVERSE] Delegation.enforced_by SYN-DL-STANDING->SYN-EB-FORGE has no forward edge EffectBoundary.enforces,,none,artifacts/rejection-results.csv,deleting the back-edge on EffectBoundary.enforces
